{"cameraMode":{"drawMode":0,"name":"Shaded","section":"Shading Mode"},"sceneLighting":true,"audioPlay":false,"sceneViewState":{"showFog":true,"showMaterialUpdate":false,"showSkybox":true,"showFlares":true,"showImageEffects":true,"showParticleSystems":true},"in2DMode":false,"pivot":{"x":-1.5649241209030152,"y":-10.886232376098633,"z":8.35299015045166},"rotation":{"x":-0.2518201470375061,"y":0.2910973131656647,"z":-0.07972195744514466,"w":-0.9195100665092468},"size":20.101089477539064,"orthographic":false}