{"cameraMode":{"drawMode":0,"name":"Shaded","section":"Shading Mode"},"sceneLighting":true,"audioPlay":false,"sceneViewState":{"showFog":true,"showMaterialUpdate":true,"showSkybox":true,"showFlares":true,"showImageEffects":true,"showParticleSystems":true},"in2DMode":false,"pivot":{"x":-0.6958022117614746,"y":-7.9190521240234379,"z":-2.269941568374634},"rotation":{"x":-0.2001604586839676,"y":0.7273488640785217,"z":-0.6117783188819885,"w":-0.23797066509723664},"size":258.7731018066406,"orthographic":false}